ARTICULO,ENVASE,APARICIONES,GRUPO_COMERCIAL,REGLA_CLASIFICACION,ESTADO
TOMATE COCKTAIL I M,CARTON 40X30X14 GENERICA,94,TOMATE CARREFOUR,REGLA_CARREFOUR,CLASIFICADO
TOMATE COCKTAIL I M,CARTON 40X30X14 MADERA 8X300,36,TOMATE CARREFOUR,REGLA_CARREFOUR,CLASIFICADO
TOMATE COCKTAIL I M,CARTON 40X30X9.7 MADERA 8X300,633,TOMATE CARREFOUR,REGLA_CARREFOUR,CLASIFICADO
TOMATE COCKTAIL I M,CARTON 60X40X9.5 MADERA 10X300,77,TOMATE CARREFOUR,REGLA_CARREFOUR,CLASIFICADO
TOMATE COCKTAIL SAO PAULO I M,CARTON 40X30X9.7 MADERA 8X300,122,TOMATE CARREFOUR,REGLA_CARREFOUR,CLASIFICADO
TOMATE COCKTAIL SAO PAULO I M,CARTON 60X40X9.5 MADERA 10X300,93,TOMATE CARREFOUR,REGLA_CARREFOUR,CLASIFICADO
TOMATE COCKTAIL SUNSTREAM I M,CARTON 40X30X9.7 MADERA 8X300,575,TOMATE CARREFOUR,REGLA_CARREFOUR,CLASIFICADO
TOMATE COCKTAIL SUNSTREAM I M,CARTON 60X40X9.5 MADERA 10X300,37,TOMATE CARREFOUR,REGLA_CARREFOUR,CLASIFICADO
TOMATE COCKTAIL SUNSTREAM I M,EPS 154 10X225,347,TOMATE CARREFOUR,REGLA_CARREFOUR,CLASIFICADO
TOMATE COCKTAIL SUNSTREAM I M,EPS 154 8X225,282,TOMATE CARREFOUR,REGLA_CARREFOUR,CLASIFICADO
TOMATE PERA RAMA I M,CARTON 40X30X14 PURA RAZA,2,TOMATE CARREFOUR,REGLA_CARREFOUR,CLASIFICADO
TOMATE PERA RAMA I M,CARTON 60X40X12 MADERA 10X500,945,TOMATE CARREFOUR,REGLA_CARREFOUR,CLASIFICADO
TOMATE PERA RAMA I M,"CARTON 60X40X9,5 PURA RAZA",2,TOMATE CARREFOUR,REGLA_CARREFOUR,CLASIFICADO
TOMATE PERA RAMA I M,IFCO 6410 10X500,481,TOMATE CARREFOUR,REGLA_CARREFOUR,CLASIFICADO
TOMATE ASURCADO I M,EPS 104,6,TOMATE EN CAJA EPS,REGLA_ENVASE_EPS,CLASIFICADO
TOMATE ASURCADO I M,EPS 106,247,TOMATE EN CAJA EPS,REGLA_ENVASE_EPS,CLASIFICADO
TOMATE ASURCADO I M,EPS 154,4,TOMATE EN CAJA EPS,REGLA_ENVASE_EPS,CLASIFICADO
TOMATE CHERRY I M,EPS 106 10X500,302,TOMATE EN CAJA EPS,REGLA_ENVASE_EPS,CLASIFICADO
TOMATE CHERRY PERA,EPS 104 8X250,280,TOMATE EN CAJA EPS,REGLA_ENVASE_EPS,CLASIFICADO
TOMATE CHERRY PICOTEO,EPS 154 10X180,578,TOMATE EN CAJA EPS,REGLA_ENVASE_EPS,CLASIFICADO
TOMATE CHERRY REDONDO I M,EPS 106 9X400,570,TOMATE EN CAJA EPS,REGLA_ENVASE_EPS,CLASIFICADO
TOMATE KUMATO I M,EPS 104 5X500,1159,TOMATE EN CAJA EPS,REGLA_ENVASE_EPS,CLASIFICADO
TOMATE KUMATO I M,EPS 154,365,TOMATE EN CAJA EPS,REGLA_ENVASE_EPS,CLASIFICADO
TOMATE LARGA VIDA I M,EPS 106,5,TOMATE EN CAJA EPS,REGLA_ENVASE_EPS,CLASIFICADO
TOMATE LARGA VIDA I M,EPS 154,920,TOMATE EN CAJA EPS,REGLA_ENVASE_EPS,CLASIFICADO
TOMATE MINI RAMA SAO PAULO,EPS 104 8X200,576,TOMATE EN CAJA EPS,REGLA_ENVASE_EPS,CLASIFICADO
TOMATE ODORIKO EXTRA UND,EPS 104 6X300,218,TOMATE EN CAJA EPS,REGLA_ENVASE_EPS,CLASIFICADO
TOMATE PERA SUELTA M,EPS 154,673,TOMATE EN CAJA EPS,REGLA_ENVASE_EPS,CLASIFICADO
TOMATE RAMA I M,EPS 106,953,TOMATE EN CAJA EPS,REGLA_ENVASE_EPS,CLASIFICADO
TOMATE RAMA I M,EPS 106 9X500,488,TOMATE EN CAJA EPS,REGLA_ENVASE_EPS,CLASIFICADO
TOMATE RAMA I M,EPS 106 9X500 RAMA,728,TOMATE EN CAJA EPS,REGLA_ENVASE_EPS,CLASIFICADO
TOMATE RAMA I M,EPS 154,2,TOMATE EN CAJA EPS,REGLA_ENVASE_EPS,CLASIFICADO
TOMATE ROSA BARBASTRO GIGANTE,EPS 136,60,TOMATE EN CAJA EPS,REGLA_ENVASE_EPS,CLASIFICADO
TOMATE ROSA I,EPS 104,1278,TOMATE EN CAJA EPS,REGLA_ENVASE_EPS,CLASIFICADO
TOMATE ROSA I M,EPS 106 9X500,349,TOMATE EN CAJA EPS,REGLA_ENVASE_EPS,CLASIFICADO
TOMATE ROSA I M,EPS 106 9X500 ROSA,434,TOMATE EN CAJA EPS,REGLA_ENVASE_EPS,CLASIFICADO
TOMATE ROSA YARI I M,EPS 104,134,TOMATE EN CAJA EPS,REGLA_ENVASE_EPS,CLASIFICADO
TOMATE ROSA YARI I M,EPS 106 9X500 ROSA,1,TOMATE EN CAJA EPS,REGLA_ENVASE_EPS,CLASIFICADO
TOMATE ROSA YARI I M UNID,EPS 106 9X500 RAMA,1,TOMATE EN CAJA EPS,REGLA_ENVASE_EPS,CLASIFICADO
TOMATE ROSA YARI I M UNID,EPS 106 9X500 ROSA,90,TOMATE EN CAJA EPS,REGLA_ENVASE_EPS,CLASIFICADO
TOMATE SAO PAULO GAUBEA,EPS 104 8X180 VERDE,2,TOMATE EN CAJA EPS,REGLA_ENVASE_EPS,CLASIFICADO
TOMATE SAO PAULO GAUBEA EXTRA,EPS 104 6X180 MORADO,589,TOMATE EN CAJA EPS,REGLA_ENVASE_EPS,CLASIFICADO
TOMATE SAO PAULO T DE AUTOR EXTRA,EPS 104 8X200 SAO PAULO ECI,230,TOMATE EN CAJA EPS,REGLA_ENVASE_EPS,CLASIFICADO
TOMATE SUNSTREAM GAUBEA,EPS 104 8X180 VERDE,2,TOMATE EN CAJA EPS,REGLA_ENVASE_EPS,CLASIFICADO
TOMATE SUNSTREAM GAUBEA EXTRA,EPS 104 6X180 VERDE,579,TOMATE EN CAJA EPS,REGLA_ENVASE_EPS,CLASIFICADO
TOMATE SUNSTREAM T DE AUTOR EXTRA,EPS 104 8X225 SUNSTREAM ECI,233,TOMATE EN CAJA EPS,REGLA_ENVASE_EPS,CLASIFICADO
TOMATE UNTAR,EPS 154 8X500,216,TOMATE EN CAJA EPS,REGLA_ENVASE_EPS,CLASIFICADO
TOMATE HUEVO DE TORO AMARILLO I G,MADERA 40X30X11 TOMATES DE AUTOR,66,TOMATE HUEVO DE TORO,REGLA_HUEVO_DE_TORO,CLASIFICADO
TOMATE HUEVO DE TORO AMARILLO I GG,MADERA 40X30X11 TOMATES DE AUTOR,90,TOMATE HUEVO DE TORO,REGLA_HUEVO_DE_TORO,CLASIFICADO
TOMATE HUEVO DE TORO AMARILLO I GGG,MADERA 40X30X11 TOMATES DE AUTOR,67,TOMATE HUEVO DE TORO,REGLA_HUEVO_DE_TORO,CLASIFICADO
TOMATE HUEVO DE TORO AMARILLO II S/C,MADERA 40X30X11 GENERICA,63,TOMATE HUEVO DE TORO,REGLA_HUEVO_DE_TORO,CLASIFICADO
TOMATE HUEVO DE TORO CHOCO I G,MADERA 40X30X11 TOMATES DE AUTOR,84,TOMATE HUEVO DE TORO,REGLA_HUEVO_DE_TORO,CLASIFICADO
TOMATE HUEVO DE TORO CHOCO I GG,MADERA 40X30X11 TOMATES DE AUTOR,101,TOMATE HUEVO DE TORO,REGLA_HUEVO_DE_TORO,CLASIFICADO
TOMATE HUEVO DE TORO CHOCO I GGG,MADERA 40X30X11 TOMATES DE AUTOR,68,TOMATE HUEVO DE TORO,REGLA_HUEVO_DE_TORO,CLASIFICADO
TOMATE HUEVO DE TORO CHOCO II S/C,MADERA 40X30X11 GENERICA,82,TOMATE HUEVO DE TORO,REGLA_HUEVO_DE_TORO,CLASIFICADO
TOMATE HUEVO DE TORO ROJO I G,MADERA 40X30X11 TOMATES DE AUTOR,102,TOMATE HUEVO DE TORO,REGLA_HUEVO_DE_TORO,CLASIFICADO
TOMATE HUEVO DE TORO ROJO I GG,MADERA 40X30X11 TOMATES DE AUTOR,183,TOMATE HUEVO DE TORO,REGLA_HUEVO_DE_TORO,CLASIFICADO
TOMATE HUEVO DE TORO ROJO I GGG,MADERA 40X30X11 TOMATES DE AUTOR,150,TOMATE HUEVO DE TORO,REGLA_HUEVO_DE_TORO,CLASIFICADO
TOMATE HUEVO DE TORO ROJO II S/C,MADERA 40X30X11 GENERICA,85,TOMATE HUEVO DE TORO,REGLA_HUEVO_DE_TORO,CLASIFICADO
TOMATE JAPI 500G,CARTON 40X30X8 JAPI,6,TOMATE JAPI Y JAPONÉS,REGLA_JAPI_JAPONES,CLASIFICADO
TOMATE JAPI 500G,MADERA 20X15X8 JAPI,64,TOMATE JAPI Y JAPONÉS,REGLA_JAPI_JAPONES,CLASIFICADO
TOMATE JAPI I G,CARTON 40X30X8 JAPI,151,TOMATE JAPI Y JAPONÉS,REGLA_JAPI_JAPONES,CLASIFICADO
TOMATE JAPI I M,CARTON 40X30X8 JAPI,431,TOMATE JAPI Y JAPONÉS,REGLA_JAPI_JAPONES,CLASIFICADO
TOMATE JAPI I M,CARTON 40X30X9.7 MADERA 8X300,54,TOMATE JAPI Y JAPONÉS,REGLA_JAPI_JAPONES,CLASIFICADO
TOMATE JAPI I MM,CARTON 40X30X8 JAPI,398,TOMATE JAPI Y JAPONÉS,REGLA_JAPI_JAPONES,CLASIFICADO
TOMATE JAPI I MM,CARTON 40X30X9.7 MADERA 8X300,48,TOMATE JAPI Y JAPONÉS,REGLA_JAPI_JAPONES,CLASIFICADO
TOMATE JAPI I MMM,CARTON 40X30X9.5 TOMATES DE AUTOR,1,TOMATE JAPI Y JAPONÉS,REGLA_JAPI_JAPONES,CLASIFICADO
TOMATE JAPI MG BJ/300G,CARTON 40X30X9.7 MADERA 6X300,187,TOMATE JAPI Y JAPONÉS,REGLA_JAPI_JAPONES,CLASIFICADO
TOMATE JAPI UNID,CAJA JAPI 750G,3,TOMATE JAPI Y JAPONÉS,REGLA_JAPI_JAPONES,CLASIFICADO
TOMATE JAPI UNID,CARTON 60X40X11 TDA 6X650 JAPI,92,TOMATE JAPI Y JAPONÉS,REGLA_JAPI_JAPONES,CLASIFICADO
TOMATE JAPI UNID,CARTON 60X40X11 TDA 6X750 JAPI,2,TOMATE JAPI Y JAPONÉS,REGLA_JAPI_JAPONES,CLASIFICADO
TOMATE JAPONES I G,CARTON 40X30X8 JAPI,15,TOMATE JAPI Y JAPONÉS,REGLA_JAPI_JAPONES,CLASIFICADO
TOMATE JAPONES I G,CARTON 40X30X9.5 TOMATES DE AUTOR,188,TOMATE JAPI Y JAPONÉS,REGLA_JAPI_JAPONES,CLASIFICADO
TOMATE JAPONES I G,MADERA 40X30X8 GENERICA,9,TOMATE JAPI Y JAPONÉS,REGLA_JAPI_JAPONES,CLASIFICADO
TOMATE JAPONES I G,MADERA 40X30X8 TOMATES DE AUTOR,156,TOMATE JAPI Y JAPONÉS,REGLA_JAPI_JAPONES,CLASIFICADO
TOMATE JAPONES I GG,CARTON 40X30X9.5 TOMATES DE AUTOR,113,TOMATE JAPI Y JAPONÉS,REGLA_JAPI_JAPONES,CLASIFICADO
TOMATE JAPONES I GG,MADERA 40X30X8 TOMATES DE AUTOR,69,TOMATE JAPI Y JAPONÉS,REGLA_JAPI_JAPONES,CLASIFICADO
TOMATE JAPONES I GGG,MADERA 40X30X8 TOMATES DE AUTOR,14,TOMATE JAPI Y JAPONÉS,REGLA_JAPI_JAPONES,CLASIFICADO
TOMATE JAPONES I M,CARTON 40X30X9.5 TOMATES DE AUTOR,148,TOMATE JAPI Y JAPONÉS,REGLA_JAPI_JAPONES,CLASIFICADO
TOMATE JAPONES I M,MADERA 40X30X8 GENERICA,13,TOMATE JAPI Y JAPONÉS,REGLA_JAPI_JAPONES,CLASIFICADO
TOMATE JAPONES I M,MADERA 40X30X8 TOMATES DE AUTOR,119,TOMATE JAPI Y JAPONÉS,REGLA_JAPI_JAPONES,CLASIFICADO
TOMATE JAPONES I MM,"CARTON 40X30X9,5 MADERA",1,TOMATE JAPI Y JAPONÉS,REGLA_JAPI_JAPONES,CLASIFICADO
TOMATE JAPONES I MM,CARTON 40X30X9.5 TOMATES DE AUTOR,83,TOMATE JAPI Y JAPONÉS,REGLA_JAPI_JAPONES,CLASIFICADO
TOMATE JAPONES I MM,MADERA 40X30X8 GENERICA,6,TOMATE JAPI Y JAPONÉS,REGLA_JAPI_JAPONES,CLASIFICADO
TOMATE JAPONES I MM,MADERA 40X30X8 TOMATES DE AUTOR,59,TOMATE JAPI Y JAPONÉS,REGLA_JAPI_JAPONES,CLASIFICADO
TOMATE JAPONES I MMM,CARTON 40X30X9.5 TOMATES DE AUTOR,47,TOMATE JAPI Y JAPONÉS,REGLA_JAPI_JAPONES,CLASIFICADO
TOMATE JAPONES I MMM,MADERA 40X30X8 GENERICA,4,TOMATE JAPI Y JAPONÉS,REGLA_JAPI_JAPONES,CLASIFICADO
TOMATE JAPONES I MMM,MADERA 40X30X8 TOMATES DE AUTOR,3,TOMATE JAPI Y JAPONÉS,REGLA_JAPI_JAPONES,CLASIFICADO
TOMATE JAPONES II M,MADERA 40X30X8 GENERICA,2,TOMATE JAPI Y JAPONÉS,REGLA_JAPI_JAPONES,CLASIFICADO
TOMATE JAPONES II S/C,CARTON 40X30X14 MADERA,5,TOMATE JAPI Y JAPONÉS,REGLA_JAPI_JAPONES,CLASIFICADO
TOMATE JAPONES II S/C,"CARTON 40X30X9,5 MADERA",157,TOMATE JAPI Y JAPONÉS,REGLA_JAPI_JAPONES,CLASIFICADO
TOMATE JAPONES II S/C,CARTON 40X30X9.5 TOMATES DE AUTOR,8,TOMATE JAPI Y JAPONÉS,REGLA_JAPI_JAPONES,CLASIFICADO
TOMATE JAPONES II S/C,CARTON 40X30X9.7 MADERA 8X300,1,TOMATE JAPI Y JAPONÉS,REGLA_JAPI_JAPONES,CLASIFICADO
TOMATE JAPONES II S/C,MADERA 40X30X8 GENERICA,94,TOMATE JAPI Y JAPONÉS,REGLA_JAPI_JAPONES,CLASIFICADO
TOMATE JAPONES II S/C,MADERA 40X30X8 TOMATES DE AUTOR,9,TOMATE JAPI Y JAPONÉS,REGLA_JAPI_JAPONES,CLASIFICADO
TOMATE CORAZON DE BUEY II G,CARTON 60X40X11 NATURFRESH,162,TOMATE VOLLEY Y CORAZON DE BUEY,REGLA_CORAZON_DE_BUEY,CLASIFICADO
TOMATE CORAZON DE BUEY II GG,CARTON 60X40X11 NATURFRESH,179,TOMATE VOLLEY Y CORAZON DE BUEY,REGLA_CORAZON_DE_BUEY,CLASIFICADO
TOMATE CORAZON DE BUEY II GG,CARTON 60X40X11 VOLLEY HD Q5,3,TOMATE VOLLEY Y CORAZON DE BUEY,REGLA_CORAZON_DE_BUEY,CLASIFICADO
TOMATE CORAZON DE BUEY II GGG,CARTON 60X40X11 NATURFRESH,166,TOMATE VOLLEY Y CORAZON DE BUEY,REGLA_CORAZON_DE_BUEY,CLASIFICADO
TOMATE CORAZON DE BUEY II GGG,CARTON 60X40X11 VOLLEY HD Q5,4,TOMATE VOLLEY Y CORAZON DE BUEY,REGLA_CORAZON_DE_BUEY,CLASIFICADO
TOMATE CORAZON DE BUEY II M,CARTON 60X40X11 NATURFRESH,169,TOMATE VOLLEY Y CORAZON DE BUEY,REGLA_CORAZON_DE_BUEY,CLASIFICADO
TOMATE VOLLEY I G,CARTON 60X40X11 HARLEM,1,TOMATE VOLLEY Y CORAZON DE BUEY,REGLA_VOLLEY,CLASIFICADO
TOMATE VOLLEY I G,CARTON 60X40X11 VOLLEY HD Q5,370,TOMATE VOLLEY Y CORAZON DE BUEY,REGLA_VOLLEY,CLASIFICADO
TOMATE VOLLEY I GG,CARTON 40X30X9.5 CHERRY FESTIVAL,2,TOMATE VOLLEY Y CORAZON DE BUEY,REGLA_VOLLEY,CLASIFICADO
TOMATE VOLLEY I GG,CARTON 60X40X11 NATURFRESH,2,TOMATE VOLLEY Y CORAZON DE BUEY,REGLA_VOLLEY,CLASIFICADO
TOMATE VOLLEY I GG,CARTON 60X40X11 VOLLEY,1,TOMATE VOLLEY Y CORAZON DE BUEY,REGLA_VOLLEY,CLASIFICADO
TOMATE VOLLEY I GG,CARTON 60X40X11 VOLLEY HD Q5,360,TOMATE VOLLEY Y CORAZON DE BUEY,REGLA_VOLLEY,CLASIFICADO
TOMATE VOLLEY I GGG,CARTON 40X30X9.5 CHERRY FESTIVAL,1,TOMATE VOLLEY Y CORAZON DE BUEY,REGLA_VOLLEY,CLASIFICADO
TOMATE VOLLEY I GGG,CARTON 60X40X11 VOLLEY HD Q5,249,TOMATE VOLLEY Y CORAZON DE BUEY,REGLA_VOLLEY,CLASIFICADO
TOMATE AZUL,CARTON 40X30X14 MADERA,15,TOMATES EN CAJA DE CARTÓN / AZUL,REGLA_CARTON_AZUL,CLASIFICADO
TOMATE AZUL,"CARTON 40X30X9,5 MADERA",180,TOMATES EN CAJA DE CARTÓN / AZUL,REGLA_CARTON_AZUL,CLASIFICADO
TOMATE AZUL,"CARTON 40X30X9,5 PURA RAZA",3,TOMATES EN CAJA DE CARTÓN / AZUL,REGLA_CARTON_AZUL,CLASIFICADO
TOMATE AZUL,CARTON 60X40X11 HARLEM,3,TOMATES EN CAJA DE CARTÓN / AZUL,REGLA_CARTON_AZUL,CLASIFICADO
TOMATE AZUL,"CARTON 60X40X9,5 PURA RAZA",19,TOMATES EN CAJA DE CARTÓN / AZUL,REGLA_CARTON_AZUL,CLASIFICADO
TOMATE AZUL I G,"CARTON 40X30X9,5 PURA RAZA",12,TOMATES EN CAJA DE CARTÓN / AZUL,REGLA_CARTON_AZUL,CLASIFICADO
TOMATE AZUL I G,"CARTON 40X30X9,5 ROYAL PINK",14,TOMATES EN CAJA DE CARTÓN / AZUL,REGLA_CARTON_AZUL,CLASIFICADO
TOMATE AZUL I G,CARTON 60X40X11 HARLEM,109,TOMATES EN CAJA DE CARTÓN / AZUL,REGLA_CARTON_AZUL,CLASIFICADO
TOMATE AZUL I GG,"CARTON 40X30X9,5 PURA RAZA",12,TOMATES EN CAJA DE CARTÓN / AZUL,REGLA_CARTON_AZUL,CLASIFICADO
TOMATE AZUL I GG,"CARTON 40X30X9,5 ROYAL PINK",11,TOMATES EN CAJA DE CARTÓN / AZUL,REGLA_CARTON_AZUL,CLASIFICADO
TOMATE AZUL I GG,CARTON 60X40X11 HARLEM,116,TOMATES EN CAJA DE CARTÓN / AZUL,REGLA_CARTON_AZUL,CLASIFICADO
TOMATE AZUL I GGG,"CARTON 40X30X9,5 PURA RAZA",7,TOMATES EN CAJA DE CARTÓN / AZUL,REGLA_CARTON_AZUL,CLASIFICADO
TOMATE AZUL I GGG,"CARTON 40X30X9,5 ROYAL PINK",4,TOMATES EN CAJA DE CARTÓN / AZUL,REGLA_CARTON_AZUL,CLASIFICADO
TOMATE AZUL I GGG,CARTON 60X40X11 HARLEM,88,TOMATES EN CAJA DE CARTÓN / AZUL,REGLA_CARTON_AZUL,CLASIFICADO
TOMATE AZUL I M,CARTON 60X40X11 HARLEM,2,TOMATES EN CAJA DE CARTÓN / AZUL,REGLA_CARTON_AZUL,CLASIFICADO
TOMATE AZUL I M,"CARTON 60X40X9,5 PURA RAZA",80,TOMATES EN CAJA DE CARTÓN / AZUL,REGLA_CARTON_AZUL,CLASIFICADO
TOMATE AZUL II,"CARTON 40X30X9,5 PURA RAZA",7,TOMATES EN CAJA DE CARTÓN / AZUL,REGLA_CARTON_AZUL,CLASIFICADO
TOMATE AZUL II,"CARTON 60X40X9,5 PURA RAZA",76,TOMATES EN CAJA DE CARTÓN / AZUL,REGLA_CARTON_AZUL,CLASIFICADO
TOMATE AZUL II G,"CARTON 40X30X9,5 PURA RAZA",3,TOMATES EN CAJA DE CARTÓN / AZUL,REGLA_CARTON_AZUL,CLASIFICADO
TOMATE AZUL II GG,"CARTON 40X30X9,5 PURA RAZA",3,TOMATES EN CAJA DE CARTÓN / AZUL,REGLA_CARTON_AZUL,CLASIFICADO
TOMATE MORESCO I G,"CARTON 40X30X9,5 MORESCO",472,TOMATES EN CAJA DE CARTÓN / MORESCO,REGLA_CARTON_MORESCO,CLASIFICADO
TOMATE MORESCO I G,"CARTON 40X30X9,5 PURA RAZA",2,TOMATES EN CAJA DE CARTÓN / MORESCO,REGLA_CARTON_MORESCO,CLASIFICADO
TOMATE MORESCO I GG,"CARTON 40X30X9,5 MORESCO",42,TOMATES EN CAJA DE CARTÓN / MORESCO,REGLA_CARTON_MORESCO,CLASIFICADO
TOMATE MORESCO I GG,"CARTON 40X30X9,5 PURA RAZA",2,TOMATES EN CAJA DE CARTÓN / MORESCO,REGLA_CARTON_MORESCO,CLASIFICADO
TOMATE MORESCO I M,"CARTON 40X30X9,5 MORESCO",241,TOMATES EN CAJA DE CARTÓN / MORESCO,REGLA_CARTON_MORESCO,CLASIFICADO
TOMATE MORESCO I M,"CARTON 40X30X9,5 PURA RAZA",2,TOMATES EN CAJA DE CARTÓN / MORESCO,REGLA_CARTON_MORESCO,CLASIFICADO
TOMATE MORESCO I MM,"CARTON 40X30X9,5 MADERA",6,TOMATES EN CAJA DE CARTÓN / MORESCO,REGLA_CARTON_MORESCO,CLASIFICADO
TOMATE MORESCO I MM,"CARTON 40X30X9,5 MORESCO",2,TOMATES EN CAJA DE CARTÓN / MORESCO,REGLA_CARTON_MORESCO,CLASIFICADO
TOMATE MORESCO I MM,"CARTON 40X30X9,5 PURA RAZA",72,TOMATES EN CAJA DE CARTÓN / MORESCO,REGLA_CARTON_MORESCO,CLASIFICADO
TOMATE MORESCO I MM,CARTON 40X30X9.5 TOMATES DE AUTOR,47,TOMATES EN CAJA DE CARTÓN / MORESCO,REGLA_CARTON_MORESCO,CLASIFICADO
TOMATE MORESCO I MMM,"CARTON 40X30X9,5 PURA RAZA",29,TOMATES EN CAJA DE CARTÓN / MORESCO,REGLA_CARTON_MORESCO,CLASIFICADO
TOMATE MORESCO II M,"CARTON 40X30X9,5 PURA RAZA",104,TOMATES EN CAJA DE CARTÓN / MORESCO,REGLA_CARTON_MORESCO,CLASIFICADO
TOMATE MORESCO II M,CARTON 60X40X11 TOMATES DE AUTOR,1,TOMATES EN CAJA DE CARTÓN / MORESCO,REGLA_CARTON_MORESCO,CLASIFICADO
TOMATE ASURCADO I G,CARTON 40X30X14 9X250,2,TOMATES EN CAJA DE CARTÓN / OTROS,REGLA_CARTON,CLASIFICADO
TOMATE ASURCADO I G,CARTON 40X30X14 GENERICA,330,TOMATES EN CAJA DE CARTÓN / OTROS,REGLA_CARTON,CLASIFICADO
TOMATE ASURCADO I G,"CARTON 40X30X9,5 PURA RAZA",4,TOMATES EN CAJA DE CARTÓN / OTROS,REGLA_CARTON,CLASIFICADO
TOMATE ASURCADO I G,"CARTON 40X30X9,7 MADERA 5X500",10,TOMATES EN CAJA DE CARTÓN / OTROS,REGLA_CARTON,CLASIFICADO
TOMATE ASURCADO I GG,CARTON 40X30X14 PURA RAZA,2,TOMATES EN CAJA DE CARTÓN / OTROS,REGLA_CARTON,CLASIFICADO
TOMATE ASURCADO I GG,"CARTON 40X30X9,5 PURA RAZA",23,TOMATES EN CAJA DE CARTÓN / OTROS,REGLA_CARTON,CLASIFICADO
TOMATE ASURCADO I GGG,CARTON 40X30X14 PURA RAZA,1,TOMATES EN CAJA DE CARTÓN / OTROS,REGLA_CARTON,CLASIFICADO
TOMATE ASURCADO I GGG,"CARTON 40X30X9,5 PURA RAZA",24,TOMATES EN CAJA DE CARTÓN / OTROS,REGLA_CARTON,CLASIFICADO
TOMATE ASURCADO I M,CARTON 40X30X14 9X250,20,TOMATES EN CAJA DE CARTÓN / OTROS,REGLA_CARTON,CLASIFICADO
TOMATE ASURCADO I M,CARTON 40X30X14 GENERICA,116,TOMATES EN CAJA DE CARTÓN / OTROS,REGLA_CARTON,CLASIFICADO
TOMATE ASURCADO II M,CARTON 60X40X11 TOMATES DE AUTOR,8,TOMATES EN CAJA DE CARTÓN / OTROS,REGLA_CARTON,CLASIFICADO
TOMATE BARBASTRO CHOCO,CARTON 40X30X14 PURA RAZA,1,TOMATES EN CAJA DE CARTÓN / OTROS,REGLA_CARTON,CLASIFICADO
TOMATE BARBASTRO CHOCO,"CARTON 40X30X9,5 GENERICA 12X200",1,TOMATES EN CAJA DE CARTÓN / OTROS,REGLA_CARTON,CLASIFICADO
TOMATE BARBASTRO CHOCO,"CARTON 40X30X9,5 PURA RAZA",25,TOMATES EN CAJA DE CARTÓN / OTROS,REGLA_CARTON,CLASIFICADO
TOMATE CHERRY AMARILLO,"CARTON 40X30X9,5 PURA RAZA",1,TOMATES EN CAJA DE CARTÓN / OTROS,REGLA_CARTON,CLASIFICADO
TOMATE CHERRY AMARILLO,CARTON 40X30X9.5 CHERRY FESTIVAL,31,TOMATES EN CAJA DE CARTÓN / OTROS,REGLA_CARTON,CLASIFICADO
TOMATE CHERRY RAMA PERA CHOCO CORTA,"CARTON 40X30X9,5 PURA RAZA",2,TOMATES EN CAJA DE CARTÓN / OTROS,REGLA_CARTON,CLASIFICADO
TOMATE CHERRY RAMA PERA CHOCO I,CARTON 40X30X9.5 CHERRY FESTIVAL,1,TOMATES EN CAJA DE CARTÓN / OTROS,REGLA_CARTON,CLASIFICADO
TOMATE CHERRY RAMA PERA ROJO CORTA,CARTON 40X30X14 PURA RAZA,3,TOMATES EN CAJA DE CARTÓN / OTROS,REGLA_CARTON,CLASIFICADO
TOMATE CHERRY RAMA PERA ROJO CORTA,"CARTON 40X30X9,5 PURA RAZA",7,TOMATES EN CAJA DE CARTÓN / OTROS,REGLA_CARTON,CLASIFICADO
TOMATE CHERRY RAMA PERA ROJO CORTA,CARTON 40X30X9.5 TOMATES DE AUTOR,1,TOMATES EN CAJA DE CARTÓN / OTROS,REGLA_CARTON,CLASIFICADO
TOMATE CHERRY RAMA PERA ROJO I,"CARTON 40X30X9,5 PURA RAZA",4,TOMATES EN CAJA DE CARTÓN / OTROS,REGLA_CARTON,CLASIFICADO
TOMATE CHERRY RAMA PERA ROJO I,CARTON 40X30X9.5 CHERRY FESTIVAL,127,TOMATES EN CAJA DE CARTÓN / OTROS,REGLA_CARTON,CLASIFICADO
TOMATE CHERRY RAMA PERA ROJO I,CARTON 40X30X9.5 TOMATES DE AUTOR,2,TOMATES EN CAJA DE CARTÓN / OTROS,REGLA_CARTON,CLASIFICADO
TOMATE CHERRY RAMA REDONDO NARANJA I,CARTON 40X30X9.5 CHERRY FESTIVAL,1,TOMATES EN CAJA DE CARTÓN / OTROS,REGLA_CARTON,CLASIFICADO
TOMATE CHERRY RAMA REDONDO NARANJA I,CARTON 40X30X9.5 TOMATES DE AUTOR,1,TOMATES EN CAJA DE CARTÓN / OTROS,REGLA_CARTON,CLASIFICADO
TOMATE CHERRY RAMA REDONDO ROJO I,CARTON 40X30X9.5 CHERRY FESTIVAL,70,TOMATES EN CAJA DE CARTÓN / OTROS,REGLA_CARTON,CLASIFICADO
TOMATE CHERRY RAMA TRICOLOR,CARTON 40X30X9.5 CHERRY FESTIVAL,3,TOMATES EN CAJA DE CARTÓN / OTROS,REGLA_CARTON,CLASIFICADO
TOMATE CHERRY RAMA TRICOLOR,CARTON 40X30X9.5 TOMATES DE AUTOR,33,TOMATES EN CAJA DE CARTÓN / OTROS,REGLA_CARTON,CLASIFICADO
TOMATE CHERRY SUELTO PERA CHOCO I,"CARTON 40X30X9,5 PURA RAZA",1,TOMATES EN CAJA DE CARTÓN / OTROS,REGLA_CARTON,CLASIFICADO
TOMATE CHERRY SUELTO PERA ROJO I,"CARTON 40X30X9,5 PURA RAZA",3,TOMATES EN CAJA DE CARTÓN / OTROS,REGLA_CARTON,CLASIFICADO
TOMATE KUMATO I G,CARTON 40X30X14 PURA RAZA,5,TOMATES EN CAJA DE CARTÓN / OTROS,REGLA_CARTON,CLASIFICADO
TOMATE KUMATO I M,CARTON 40X30X14 GENERICA,5,TOMATES EN CAJA DE CARTÓN / OTROS,REGLA_CARTON,CLASIFICADO
TOMATE KUMATO I M,CARTON 40X30X14 MADERA,26,TOMATES EN CAJA DE CARTÓN / OTROS,REGLA_CARTON,CLASIFICADO
TOMATE KUMATO I M,CARTON 40X30X14 PURA RAZA,52,TOMATES EN CAJA DE CARTÓN / OTROS,REGLA_CARTON,CLASIFICADO
TOMATE KUMATO I M,"CARTON 40X30X9,5 MADERA",1,TOMATES EN CAJA DE CARTÓN / OTROS,REGLA_CARTON,CLASIFICADO
TOMATE KUMATO I M,"CARTON 40X30X9,5 PURA RAZA",2,TOMATES EN CAJA DE CARTÓN / OTROS,REGLA_CARTON,CLASIFICADO
TOMATE KUMATO I MM,CARTON 40X30X14 MADERA,25,TOMATES EN CAJA DE CARTÓN / OTROS,REGLA_CARTON,CLASIFICADO
TOMATE KUMATO I MM,CARTON 40X30X14 PURA RAZA,14,TOMATES EN CAJA DE CARTÓN / OTROS,REGLA_CARTON,CLASIFICADO
TOMATE KUMATO I MM,"CARTON 40X30X9,5 MADERA",3,TOMATES EN CAJA DE CARTÓN / OTROS,REGLA_CARTON,CLASIFICADO
TOMATE KUMATO I MMM,CARTON 40X30X14 MADERA,34,TOMATES EN CAJA DE CARTÓN / OTROS,REGLA_CARTON,CLASIFICADO
TOMATE KUMATO I MMM,CARTON 40X30X14 PURA RAZA,2,TOMATES EN CAJA DE CARTÓN / OTROS,REGLA_CARTON,CLASIFICADO
TOMATE KUMATO I MMM,"CARTON 40X30X9,5 MADERA",1,TOMATES EN CAJA DE CARTÓN / OTROS,REGLA_CARTON,CLASIFICADO
TOMATE KUMATO II M,CARTON 40X30X14 MADERA,1,TOMATES EN CAJA DE CARTÓN / OTROS,REGLA_CARTON,CLASIFICADO
TOMATE KUMATO II M,CARTON 40X30X14 PURA RAZA,21,TOMATES EN CAJA DE CARTÓN / OTROS,REGLA_CARTON,CLASIFICADO
TOMATE LARGA VIDA I G,CARTON 40X30X14 GENERICA,2,TOMATES EN CAJA DE CARTÓN / OTROS,REGLA_CARTON,CLASIFICADO
TOMATE LARGA VIDA I G,CARTON 40X30X14 MADERA,30,TOMATES EN CAJA DE CARTÓN / OTROS,REGLA_CARTON,CLASIFICADO
TOMATE LARGA VIDA I M,CARTON 40X30X14 GENERICA,26,TOMATES EN CAJA DE CARTÓN / OTROS,REGLA_CARTON,CLASIFICADO
TOMATE LARGA VIDA I M,CARTON 40X30X14 MADERA,59,TOMATES EN CAJA DE CARTÓN / OTROS,REGLA_CARTON,CLASIFICADO
TOMATE LARGA VIDA I M,CARTON 40X30X14 PURA RAZA,30,TOMATES EN CAJA DE CARTÓN / OTROS,REGLA_CARTON,CLASIFICADO
TOMATE LARGA VIDA I MM,CARTON 40X30X14 MADERA,60,TOMATES EN CAJA DE CARTÓN / OTROS,REGLA_CARTON,CLASIFICADO
TOMATE LARGA VIDA I MM,CARTON 40X30X14 PURA RAZA,112,TOMATES EN CAJA DE CARTÓN / OTROS,REGLA_CARTON,CLASIFICADO
TOMATE LARGA VIDA I MMM,CARTON 40X30X14 MADERA,40,TOMATES EN CAJA DE CARTÓN / OTROS,REGLA_CARTON,CLASIFICADO
TOMATE LARGA VIDA I MMM,CARTON 40X30X14 PURA RAZA,1,TOMATES EN CAJA DE CARTÓN / OTROS,REGLA_CARTON,CLASIFICADO
TOMATE MAGGIE I MMM,CARTON 40X30X14 PURA RAZA,1,TOMATES EN CAJA DE CARTÓN / OTROS,REGLA_CARTON,CLASIFICADO
TOMATE MAGGIE I MMM,"CARTON 40X30X9,5 PURA RAZA",1,TOMATES EN CAJA DE CARTÓN / OTROS,REGLA_CARTON,CLASIFICADO
TOMATE MAGGIE M,CARTON 40X30X14 PURA RAZA,1,TOMATES EN CAJA DE CARTÓN / OTROS,REGLA_CARTON,CLASIFICADO
TOMATE MAGGIE M,"CARTON 40X30X9,5 MAGGIESTAR",370,TOMATES EN CAJA DE CARTÓN / OTROS,REGLA_CARTON,CLASIFICADO
TOMATE MAGGIE MM,CARTON 40X30X14 MADERA,1,TOMATES EN CAJA DE CARTÓN / OTROS,REGLA_CARTON,CLASIFICADO
TOMATE MAGGIE MM,CARTON 40X30X14 PURA RAZA,5,TOMATES EN CAJA DE CARTÓN / OTROS,REGLA_CARTON,CLASIFICADO
TOMATE MAGGIE MM,"CARTON 40X30X9,5 PURA RAZA",4,TOMATES EN CAJA DE CARTÓN / OTROS,REGLA_CARTON,CLASIFICADO
TOMATE MAGGIE MMM,CARTON 40X30X14 MADERA,40,TOMATES EN CAJA DE CARTÓN / OTROS,REGLA_CARTON,CLASIFICADO
TOMATE MAGGIE MMM,CARTON 40X30X14 PURA RAZA,38,TOMATES EN CAJA DE CARTÓN / OTROS,REGLA_CARTON,CLASIFICADO
TOMATE MAGGIE MMM,"CARTON 40X30X9,5 PURA RAZA",1,TOMATES EN CAJA DE CARTÓN / OTROS,REGLA_CARTON,CLASIFICADO
TOMATE ODORIKO I G,"CARTON 40X30X9,5 PURA RAZA AUTOMONTABLE",4,TOMATES EN CAJA DE CARTÓN / OTROS,REGLA_CARTON,CLASIFICADO
TOMATE ODORIKO I G,"CARTON 40X30X9,5 PURA RAZA TDA",2,TOMATES EN CAJA DE CARTÓN / OTROS,REGLA_CARTON,CLASIFICADO
TOMATE ODORIKO I GG,"CARTON 40X30X9,5 PURA RAZA AUTOMONTABLE",2,TOMATES EN CAJA DE CARTÓN / OTROS,REGLA_CARTON,CLASIFICADO
TOMATE ODORIKO I M,"CARTON 40X30X9,5 PURA RAZA AUTOMONTABLE",5,TOMATES EN CAJA DE CARTÓN / OTROS,REGLA_CARTON,CLASIFICADO
TOMATE ODORIKO I M,"CARTON 40X30X9,5 PURA RAZA TDA",2,TOMATES EN CAJA DE CARTÓN / OTROS,REGLA_CARTON,CLASIFICADO
TOMATE ODORIKO I MM,"CARTON 40X30X9,5 PURA RAZA AUTOMONTABLE",4,TOMATES EN CAJA DE CARTÓN / OTROS,REGLA_CARTON,CLASIFICADO
TOMATE ODORIKO I MM,"CARTON 40X30X9,5 PURA RAZA TDA",2,TOMATES EN CAJA DE CARTÓN / OTROS,REGLA_CARTON,CLASIFICADO
TOMATE ODORIKO II,"CARTON 40X30X9,5 PURA RAZA AUTOMONTABLE",4,TOMATES EN CAJA DE CARTÓN / OTROS,REGLA_CARTON,CLASIFICADO
TOMATE ODORIKO II,"CARTON 40X30X9,5 PURA RAZA TDA",2,TOMATES EN CAJA DE CARTÓN / OTROS,REGLA_CARTON,CLASIFICADO
TOMATE ODORIKO II,CARTON 40X30X9.7 MADERA,326,TOMATES EN CAJA DE CARTÓN / OTROS,REGLA_CARTON,CLASIFICADO
TOMATE PERA RAMA I MM,CARTON 40X30X14 PURA RAZA,2,TOMATES EN CAJA DE CARTÓN / OTROS,REGLA_CARTON,CLASIFICADO
TOMATE PERA SUELTA,CARTON 40X30X14 MADERA,13,TOMATES EN CAJA DE CARTÓN / OTROS,REGLA_CARTON,CLASIFICADO
TOMATE PERA SUELTA,CARTON 40X30X14 PURA RAZA,26,TOMATES EN CAJA DE CARTÓN / OTROS,REGLA_CARTON,CLASIFICADO
TOMATE PERA SUELTA G,CARTON 40X30X14 MADERA,13,TOMATES EN CAJA DE CARTÓN / OTROS,REGLA_CARTON,CLASIFICADO
TOMATE PERA SUELTA G,CARTON 40X30X14 PURA RAZA,35,TOMATES EN CAJA DE CARTÓN / OTROS,REGLA_CARTON,CLASIFICADO
TOMATE PERA SUELTA G,"CARTON 40X30X9,5 MADERA",3,TOMATES EN CAJA DE CARTÓN / OTROS,REGLA_CARTON,CLASIFICADO
TOMATE PERA SUELTA G,"CARTON 60X40X9,5 PURA RAZA",2,TOMATES EN CAJA DE CARTÓN / OTROS,REGLA_CARTON,CLASIFICADO
TOMATE PERA SUELTA M,CARTON 40X30X14 PURA RAZA,14,TOMATES EN CAJA DE CARTÓN / OTROS,REGLA_CARTON,CLASIFICADO
TOMATE PERA SUELTA MM,CARTON 40X30X14 MADERA,67,TOMATES EN CAJA DE CARTÓN / OTROS,REGLA_CARTON,CLASIFICADO
TOMATE PERA SUELTA MM,CARTON 40X30X14 PURA RAZA,59,TOMATES EN CAJA DE CARTÓN / OTROS,REGLA_CARTON,CLASIFICADO
TOMATE PERA SUELTA MMM,CARTON 40X30X14 MADERA,76,TOMATES EN CAJA DE CARTÓN / OTROS,REGLA_CARTON,CLASIFICADO
TOMATE RAMA 2+3,CARTON 40X30X14 PURA RAZA,2,TOMATES EN CAJA DE CARTÓN / OTROS,REGLA_CARTON,CLASIFICADO
TOMATE RAMA 2+3 I MM,CARTON 40X30X14 PURA RAZA,1,TOMATES EN CAJA DE CARTÓN / OTROS,REGLA_CARTON,CLASIFICADO
TOMATE RAMA I M,CARTON 40X30X14 9X250,1,TOMATES EN CAJA DE CARTÓN / OTROS,REGLA_CARTON,CLASIFICADO
TOMATE RAMA I M,CARTON 40X30X14 GENERICA,263,TOMATES EN CAJA DE CARTÓN / OTROS,REGLA_CARTON,CLASIFICADO
TOMATE RAMA I M,CARTON 40X30X14 PURA RAZA,1,TOMATES EN CAJA DE CARTÓN / OTROS,REGLA_CARTON,CLASIFICADO
TOMATE RAMA I MM,CARTON 40X30X14 MADERA,2,TOMATES EN CAJA DE CARTÓN / OTROS,REGLA_CARTON,CLASIFICADO
TOMATE RAMA I MM,CARTON 40X30X14 PURA RAZA,2,TOMATES EN CAJA DE CARTÓN / OTROS,REGLA_CARTON,CLASIFICADO
TOMATE SAN MARZANO I M,CARTON 60X40X11 T. DE AUTOR ALV,61,TOMATES EN CAJA DE CARTÓN / OTROS,REGLA_CARTON,CLASIFICADO
TOMATE SAN MARZANO I MM,CARTON 60X40X11 T. DE AUTOR ALV,30,TOMATES EN CAJA DE CARTÓN / OTROS,REGLA_CARTON,CLASIFICADO
TOMATE SAN MARZANO I MM,"CARTON 60X40X9,5 PURA RAZA",5,TOMATES EN CAJA DE CARTÓN / OTROS,REGLA_CARTON,CLASIFICADO
TOMATE SAN MARZANO II M,"CARTON 60X40X9,5 PURA RAZA",35,TOMATES EN CAJA DE CARTÓN / OTROS,REGLA_CARTON,CLASIFICADO
TOMATE SAN MARZANO II MM,"CARTON 60X40X9,5 PURA RAZA",3,TOMATES EN CAJA DE CARTÓN / OTROS,REGLA_CARTON,CLASIFICADO
TOMATE SAO PAULO,"CARTON 40X30X9,5 SPECIAL 3 AUTOMONTABLE",30,TOMATES EN CAJA DE CARTÓN / OTROS,REGLA_CARTON,CLASIFICADO
TOMATE SAO PAULO,CARTON 40X30X9.7 MADERA 2X500 SAO PAULO GAUBEA,2,TOMATES EN CAJA DE CARTÓN / OTROS,REGLA_CARTON,CLASIFICADO
TOMATE SAO PAULO,CARTON 40X30X9.7 MADERA 6X300 SAO PAULO GAUBEA,2,TOMATES EN CAJA DE CARTÓN / OTROS,REGLA_CARTON,CLASIFICADO
TOMATE SAO PAULO GAUBEA,CARTON 60X40X10 GENERICA 6X550 SAO PAULO,14,TOMATES EN CAJA DE CARTÓN / OTROS,REGLA_CARTON,CLASIFICADO
TOMATE SAO PAULO GAUBEA TERMO EXTRA,CARTON 40X30X9.7 MADERA 8X200 SAO PAULO,445,TOMATES EN CAJA DE CARTÓN / OTROS,REGLA_CARTON,CLASIFICADO
TOMATE SAO PAULO GAUBEA TERMO EXTRA,CARTON 40X30X9.7 MADERA 8X300,10,TOMATES EN CAJA DE CARTÓN / OTROS,REGLA_CARTON,CLASIFICADO
TOMATE SAO PAULO SUELTO,"CARTON 40X30X9,5 SPECIAL 3 AUTOMONTABLE",528,TOMATES EN CAJA DE CARTÓN / OTROS,REGLA_CARTON,CLASIFICADO
TOMATE SUELTO GREEN HEART I G,"CARTON 40X30X9,5 SPECIAL 3 AUTOMONTABLE",4,TOMATES EN CAJA DE CARTÓN / OTROS,REGLA_CARTON,CLASIFICADO
TOMATE SUELTO GREEN HEART I M,"CARTON 40X30X9,5 SPECIAL 3 AUTOMONTABLE",4,TOMATES EN CAJA DE CARTÓN / OTROS,REGLA_CARTON,CLASIFICADO
TOMATE SUELTO GREEN HEART I MM,"CARTON 40X30X9,5 SPECIAL 3 AUTOMONTABLE",6,TOMATES EN CAJA DE CARTÓN / OTROS,REGLA_CARTON,CLASIFICADO
TOMATE SUELTO GREEN HEART I MMM,"CARTON 40X30X9,5 SPECIAL 3 AUTOMONTABLE",2,TOMATES EN CAJA DE CARTÓN / OTROS,REGLA_CARTON,CLASIFICADO
TOMATE SUELTO GREEN HEART II,"CARTON 40X30X9,5 SPECIAL 3 AUTOMONTABLE",8,TOMATES EN CAJA DE CARTÓN / OTROS,REGLA_CARTON,CLASIFICADO
TOMATE SUELTO GREEN HEART II,CARTON 40X30X9.7 MADERA,295,TOMATES EN CAJA DE CARTÓN / OTROS,REGLA_CARTON,CLASIFICADO
TOMATE SUNSTREAM,"CARTON 40X30X9,5 PURA RAZA AUTOMONTABLE",296,TOMATES EN CAJA DE CARTÓN / OTROS,REGLA_CARTON,CLASIFICADO
TOMATE SUNSTREAM,CARTON 40X30X9.7 MADERA 2X650 SUNSTREAM GAUBEA,2,TOMATES EN CAJA DE CARTÓN / OTROS,REGLA_CARTON,CLASIFICADO
TOMATE SUNSTREAM,CARTON 40X30X9.7 MADERA 6X350 SUNSTREAM GAUBEA,2,TOMATES EN CAJA DE CARTÓN / OTROS,REGLA_CARTON,CLASIFICADO
TOMATE SUNSTREAM CORTOS,"CARTON 40X30X9,5 PURA RAZA AUTOMONTABLE",28,TOMATES EN CAJA DE CARTÓN / OTROS,REGLA_CARTON,CLASIFICADO
TOMATE SUNSTREAM GAUBEA,CARTON 60X40X10 GENERICA 6X600 SUNSTREAM,4,TOMATES EN CAJA DE CARTÓN / OTROS,REGLA_CARTON,CLASIFICADO
TOMATE SUNSTREAM GAUBEA TERMO EXTRA,CARTON 40X30X9.7 MADERA 8X225 SUNSTREAM,708,TOMATES EN CAJA DE CARTÓN / OTROS,REGLA_CARTON,CLASIFICADO
TOMATE SUNSTREAM GAUBEA TERMO EXTRA,CARTON 40X30X9.7 MADERA 8X300,10,TOMATES EN CAJA DE CARTÓN / OTROS,REGLA_CARTON,CLASIFICADO
TOMATE SUNSTREAM SUELTO,"CARTON 40X30X9,5 PURA RAZA AUTOMONTABLE",1029,TOMATES EN CAJA DE CARTÓN / OTROS,REGLA_CARTON,CLASIFICADO
TOMATE ROSA ASURCADO I G,"CARTON 40X30X9,5 ROYAL PINK",34,TOMATES EN CAJA DE CARTÓN / ROSA,REGLA_CARTON_ROSA,CLASIFICADO
TOMATE ROSA ASURCADO I G,"CARTON 60X40X9,5 PURA RAZA",8,TOMATES EN CAJA DE CARTÓN / ROSA,REGLA_CARTON_ROSA,CLASIFICADO
TOMATE ROSA ASURCADO I GG,"CARTON 40X30X9,5 ROYAL PINK",54,TOMATES EN CAJA DE CARTÓN / ROSA,REGLA_CARTON_ROSA,CLASIFICADO
TOMATE ROSA ASURCADO I GG,"CARTON 60X40X9,5 PURA RAZA",9,TOMATES EN CAJA DE CARTÓN / ROSA,REGLA_CARTON_ROSA,CLASIFICADO
TOMATE ROSA ASURCADO I GGG,"CARTON 40X30X9,5 ROYAL PINK",47,TOMATES EN CAJA DE CARTÓN / ROSA,REGLA_CARTON_ROSA,CLASIFICADO
TOMATE ROSA ASURCADO I GGG,CARTON 60X40X11 VOLLEY SB,1,TOMATES EN CAJA DE CARTÓN / ROSA,REGLA_CARTON_ROSA,CLASIFICADO
TOMATE ROSA ASURCADO I GGG,"CARTON 60X40X9,5 PURA RAZA",9,TOMATES EN CAJA DE CARTÓN / ROSA,REGLA_CARTON_ROSA,CLASIFICADO
TOMATE ROSA ASURCADO I M,"CARTON 40X30X9,5 ROYAL PINK",2,TOMATES EN CAJA DE CARTÓN / ROSA,REGLA_CARTON_ROSA,CLASIFICADO
TOMATE ROSA ASURCADO I M,"CARTON 60X40X9,5 PURA RAZA",27,TOMATES EN CAJA DE CARTÓN / ROSA,REGLA_CARTON_ROSA,CLASIFICADO
TOMATE ROSA ASURCADO II M,"CARTON 60X40X9,5 PURA RAZA",15,TOMATES EN CAJA DE CARTÓN / ROSA,REGLA_CARTON_ROSA,CLASIFICADO
TOMATE ROSA BARBASTRO GIGANTE I,CARTON 50X30X12 MADERA,1,TOMATES EN CAJA DE CARTÓN / ROSA,REGLA_CARTON_ROSA,CLASIFICADO
TOMATE ROSA I,CARTON 40X30X14 9X250,2,TOMATES EN CAJA DE CARTÓN / ROSA,REGLA_CARTON_ROSA,CLASIFICADO
TOMATE ROSA I,CARTON 40X30X14 GENERICA,18,TOMATES EN CAJA DE CARTÓN / ROSA,REGLA_CARTON_ROSA,CLASIFICADO
TOMATE ROSA I,CARTON 40X30X14 MADERA,9,TOMATES EN CAJA DE CARTÓN / ROSA,REGLA_CARTON_ROSA,CLASIFICADO
TOMATE ROSA I,CARTON 40X30X14 PURA RAZA,2,TOMATES EN CAJA DE CARTÓN / ROSA,REGLA_CARTON_ROSA,CLASIFICADO
TOMATE ROSA I,"CARTON 60X40X9,5 GENERICA",12,TOMATES EN CAJA DE CARTÓN / ROSA,REGLA_CARTON_ROSA,CLASIFICADO
TOMATE ROSA I,"CARTON 60X40X9,5 PURA RAZA",1,TOMATES EN CAJA DE CARTÓN / ROSA,REGLA_CARTON_ROSA,CLASIFICADO
TOMATE ROSA I G,CARTON 40X30X14 PURA RAZA,5,TOMATES EN CAJA DE CARTÓN / ROSA,REGLA_CARTON_ROSA,CLASIFICADO
TOMATE ROSA I G,"CARTON 40X30X9,5 PURA RAZA",27,TOMATES EN CAJA DE CARTÓN / ROSA,REGLA_CARTON_ROSA,CLASIFICADO
TOMATE ROSA I G,"CARTON 60X40X9,5 PURA RAZA",3,TOMATES EN CAJA DE CARTÓN / ROSA,REGLA_CARTON_ROSA,CLASIFICADO
TOMATE ROSA I GG,CARTON 40X30X14 PURA RAZA,3,TOMATES EN CAJA DE CARTÓN / ROSA,REGLA_CARTON_ROSA,CLASIFICADO
TOMATE ROSA I GG,"CARTON 40X30X9,5 PURA RAZA",33,TOMATES EN CAJA DE CARTÓN / ROSA,REGLA_CARTON_ROSA,CLASIFICADO
TOMATE ROSA I GG,"CARTON 60X40X9,5 PURA RAZA",6,TOMATES EN CAJA DE CARTÓN / ROSA,REGLA_CARTON_ROSA,CLASIFICADO
TOMATE ROSA I GGG,CARTON 40X30X14 MADERA,1,TOMATES EN CAJA DE CARTÓN / ROSA,REGLA_CARTON_ROSA,CLASIFICADO
TOMATE ROSA I GGG,CARTON 40X30X14 PURA RAZA,1,TOMATES EN CAJA DE CARTÓN / ROSA,REGLA_CARTON_ROSA,CLASIFICADO
TOMATE ROSA I GGG,"CARTON 40X30X9,5 PURA RAZA",18,TOMATES EN CAJA DE CARTÓN / ROSA,REGLA_CARTON_ROSA,CLASIFICADO
TOMATE ROSA I M,CARTON 40X30X14 MADERA,2,TOMATES EN CAJA DE CARTÓN / ROSA,REGLA_CARTON_ROSA,CLASIFICADO
TOMATE ROSA II M,CARTON 40X30X14 GENERICA,5,TOMATES EN CAJA DE CARTÓN / ROSA,REGLA_CARTON_ROSA,CLASIFICADO
TOMATE ROSA II M,"CARTON 60X40X9,5 PURA RAZA",4,TOMATES EN CAJA DE CARTÓN / ROSA,REGLA_CARTON_ROSA,CLASIFICADO
TOMATE ROSA SABOR I G,"CARTON 40X30X9,5 ROYAL PINK",18,TOMATES EN CAJA DE CARTÓN / ROSA,REGLA_CARTON_ROSA,CLASIFICADO
TOMATE ROSA SABOR I GG,"CARTON 40X30X9,5 ROYAL PINK",10,TOMATES EN CAJA DE CARTÓN / ROSA,REGLA_CARTON_ROSA,CLASIFICADO
TOMATE ROSA SABOR I M,"CARTON 40X30X9,5 ROYAL PINK",16,TOMATES EN CAJA DE CARTÓN / ROSA,REGLA_CARTON_ROSA,CLASIFICADO
TOMATE ROSA SABOR I MM,"CARTON 40X30X9,5 ROYAL PINK",1,TOMATES EN CAJA DE CARTÓN / ROSA,REGLA_CARTON_ROSA,CLASIFICADO
TOMATE ROSA SABOR I MMM,"CARTON 40X30X9,5 ROYAL PINK",1,TOMATES EN CAJA DE CARTÓN / ROSA,REGLA_CARTON_ROSA,CLASIFICADO
TOMATE ROSA SABOR II S/C,"CARTON 40X30X9,5 MADERA",1,TOMATES EN CAJA DE CARTÓN / ROSA,REGLA_CARTON_ROSA,CLASIFICADO
TOMATE ROSA YARIMARU EXTRA,"CARTON 40X30X9,5 GAUBEA TRADICIONAL",1404,TOMATES EN CAJA DE CARTÓN / ROSA,REGLA_CARTON_ROSA,CLASIFICADO
TOMATE ROSA YARIMARU I G,"CARTON 40X30X9,5 GAUBEA TRADICIONAL",2,TOMATES EN CAJA DE CARTÓN / ROSA,REGLA_CARTON_ROSA,CLASIFICADO
TOMATE ROSA YARIMARU I M,"CARTON 40X30X9,5 PURA RAZA AUTOMONTABLE",18,TOMATES EN CAJA DE CARTÓN / ROSA,REGLA_CARTON_ROSA,CLASIFICADO
TOMATE ROSA YARIMARU I M,CARTON 40X30X9.7 MADERA,54,TOMATES EN CAJA DE CARTÓN / ROSA,REGLA_CARTON_ROSA,CLASIFICADO
TOMATE ROSA YARIMARU II,CARTON 40X30X9.7 MADERA,296,TOMATES EN CAJA DE CARTÓN / ROSA,REGLA_CARTON_ROSA,CLASIFICADO
TOMATE ASURCADO AMARILLO,MADERA 40X30X11 GENERICA,5,,SIN_REGLA,FUERA_CATALOGO
TOMATE ASURCADO AMARILLO,MADERA 40X30X11 TOMATES DE AUTOR,70,,SIN_REGLA,FUERA_CATALOGO
TOMATE CHERRY AMARILLO,MADERA 40X30X11 TOMATES DE AUTOR,16,,SIN_REGLA,FUERA_CATALOGO
TOMATE CHERRY PERA NARANJA,MADERA 40X30X11 TOMATES DE AUTOR,1,,SIN_REGLA,FUERA_CATALOGO
TOMATE CHERRY RAMA PERA CHOCO I,MADERA 40X30X11 TOMATES DE AUTOR,21,,SIN_REGLA,FUERA_CATALOGO
TOMATE CHERRY RAMA PERA ROJO I,MADERA 40X30X11 TOMATES DE AUTOR,54,,SIN_REGLA,FUERA_CATALOGO
TOMATE CHERRY RAMA PERA ROJO I,MADERA 40X30X8 TOMATES DE AUTOR,7,,SIN_REGLA,FUERA_CATALOGO
TOMATE CHERRY RAMA REDONDO NARANJA I,MADERA 40X30X11 TOMATES DE AUTOR,4,,SIN_REGLA,FUERA_CATALOGO
TOMATE CHERRY RAMA REDONDO ROJO I,MADERA 40X30X11 TOMATES DE AUTOR,20,,SIN_REGLA,FUERA_CATALOGO
TOMATE CHERRY SUELTO PERA CHOCO I,MADERA 40X30X11 TOMATES DE AUTOR,4,,SIN_REGLA,FUERA_CATALOGO
TOMATE CHERRY SUELTO PERA CHOCO LOOIJE,CAJA LOOIJE,27,,SIN_REGLA,FUERA_CATALOGO
TOMATE CHERRY SUELTO PERA CHOCO VERDE,CAJA LOOIJE,1,,SIN_REGLA,FUERA_CATALOGO
TOMATE CHERRY SUELTO PERA ROJO I,MADERA 40X30X11 TOMATES DE AUTOR,2,,SIN_REGLA,FUERA_CATALOGO
TOMATE CHERRY SUELTO REDONDO ROJO,MADERA 40X30X11 TOMATES DE AUTOR,3,,SIN_REGLA,FUERA_CATALOGO
TOMATE ODORIKO EXTRA,MADERA 40X30X8 GAUBEA ODORIKO,59,,SIN_REGLA,FUERA_CATALOGO
TOMATE ODORIKO I G,MADERA 40X30X8 GAUBEA ODORIKO,244,,SIN_REGLA,FUERA_CATALOGO
TOMATE ODORIKO I G,MADERA 40X30X8 TOMATES DE AUTOR VERDE,126,,SIN_REGLA,FUERA_CATALOGO
TOMATE ODORIKO I GG,MADERA 40X30X8 TOMATES DE AUTOR VERDE,2,,SIN_REGLA,FUERA_CATALOGO
TOMATE ODORIKO I GG/GGG,MADERA 40X30X8 TOMATES DE AUTOR VERDE,2,,SIN_REGLA,FUERA_CATALOGO
TOMATE ODORIKO I M,MADERA 40X30X8 GAUBEA ODORIKO,424,,SIN_REGLA,FUERA_CATALOGO
TOMATE ODORIKO I M,MADERA 40X30X8 TOMATES DE AUTOR VERDE,320,,SIN_REGLA,FUERA_CATALOGO
TOMATE ODORIKO I MM,MADERA 40X30X8 GAUBEA ODORIKO,377,,SIN_REGLA,FUERA_CATALOGO
TOMATE ODORIKO I MM,MADERA 40X30X8 TOMATES DE AUTOR VERDE,258,,SIN_REGLA,FUERA_CATALOGO
TOMATE ODORIKO I MMM,MADERA 40X30X8 GAUBEA ODORIKO,98,,SIN_REGLA,FUERA_CATALOGO
TOMATE ODORIKO I MMM,MADERA 40X30X8 TOMATES DE AUTOR VERDE,8,,SIN_REGLA,FUERA_CATALOGO
TOMATE ODORIKO II,MADERA 40X30X8 GAUBEA ODORIKO,24,,SIN_REGLA,FUERA_CATALOGO
TOMATE ODORIKO II,MADERA 40X30X8 TOMATES DE AUTOR VERDE,2,,SIN_REGLA,FUERA_CATALOGO
TOMATE PERA SUELTA G,MADERA 40X30X11 GENERICA,2,,SIN_REGLA,FUERA_CATALOGO
TOMATE PERA SUELTO,MADERA 40X30X11 TOMATES DE AUTOR,1,,SIN_REGLA,FUERA_CATALOGO
TOMATE RAMA I M,CAJA CAMPO,28,,SIN_REGLA,FUERA_CATALOGO
TOMATE RAMA I M,CAJA DE CAMPO NATURFRESH,4,,SIN_REGLA,FUERA_CATALOGO
TOMATE ROSA BARBASTRO GIGANTE I,CAJA MADERA 50X30X14.2,18,,SIN_REGLA,FUERA_CATALOGO
TOMATE ROSA SABOR I G,MADERA 40X30X8 TOMATES DE AUTOR,3,,SIN_REGLA,FUERA_CATALOGO
TOMATE ROSA SABOR I GG,MADERA 40X30X8 TOMATES DE AUTOR,2,,SIN_REGLA,FUERA_CATALOGO
TOMATE ROSA SABOR I GGG,MADERA 40X30X8 TOMATES DE AUTOR,2,,SIN_REGLA,FUERA_CATALOGO
TOMATE ROSA SABOR I M,MADERA 40X30X8 TOMATES DE AUTOR,3,,SIN_REGLA,FUERA_CATALOGO
TOMATE ROSA SABOR I MM,MADERA 40X30X8 TOMATES DE AUTOR,1,,SIN_REGLA,FUERA_CATALOGO
TOMATE ROSA SABOR I MMM,MADERA 40X30X8 TOMATES DE AUTOR,1,,SIN_REGLA,FUERA_CATALOGO
TOMATE ROSA SABOR II S/C,MADERA 40X30X8 GENERICA,3,,SIN_REGLA,FUERA_CATALOGO
TOMATE SAO PAULO,MADERA 40X30X8 SPECIAL 3,202,,SIN_REGLA,FUERA_CATALOGO
TOMATE SAO PAULO,MADERA 40X30X8 TOMATES DE AUTOR,2,,SIN_REGLA,FUERA_CATALOGO
TOMATE SAO PAULO,MADERA 40X30X8 TOMATES DE AUTOR VERDE,102,,SIN_REGLA,FUERA_CATALOGO
TOMATE SAO PAULO GAUBEA,MADERA 40X30X8 GAUBEA MORADO,685,,SIN_REGLA,FUERA_CATALOGO
TOMATE SAO PAULO T DE AUTOR EXTRA,MADERA 40X30X8 TOMATES DE AUTOR VERDE,234,,SIN_REGLA,FUERA_CATALOGO
TOMATE SUELTO GREEN HEART I G,MADERA 40X30X8 SPECIAL 3,210,,SIN_REGLA,FUERA_CATALOGO
TOMATE SUELTO GREEN HEART I GG,MADERA 40X30X8 SPECIAL 3,8,,SIN_REGLA,FUERA_CATALOGO
TOMATE SUELTO GREEN HEART I GG/GGG,MADERA 40X30X8 SPECIAL 3,4,,SIN_REGLA,FUERA_CATALOGO
TOMATE SUELTO GREEN HEART I M,MADERA 40X30X8 SPECIAL 3,480,,SIN_REGLA,FUERA_CATALOGO
TOMATE SUELTO GREEN HEART I MM,MADERA 40X30X8 SPECIAL 3,526,,SIN_REGLA,FUERA_CATALOGO
TOMATE SUELTO GREEN HEART I MMM,MADERA 40X30X8 SPECIAL 3,104,,SIN_REGLA,FUERA_CATALOGO
TOMATE SUNSTREAM,MADERA 40X30X8 SPECIAL 3,42,,SIN_REGLA,FUERA_CATALOGO
TOMATE SUNSTREAM,MADERA 40X30X8 TOMATES DE AUTOR,2,,SIN_REGLA,FUERA_CATALOGO
TOMATE SUNSTREAM,MADERA 40X30X8 TOMATES DE AUTOR VERDE,30,,SIN_REGLA,FUERA_CATALOGO
TOMATE SUNSTREAM GAUBEA,MADERA 40X30X8 GAUBEA VERDE,609,,SIN_REGLA,FUERA_CATALOGO
TOMATE SUNSTREAM T DE AUTOR EXTRA,MADERA 40X30X8 TOMATES DE AUTOR VERDE,226,,SIN_REGLA,FUERA_CATALOGO
TOMATE ASURCADO I G,,1,,SIN_ENVASE,REVISAR
TOMATE ASURCADO I GG,,2,,SIN_ENVASE,REVISAR
TOMATE ASURCADO I GGG,,2,,SIN_ENVASE,REVISAR
TOMATE ASURCADO I M,,1,,SIN_ENVASE,REVISAR
TOMATE AZUL,,7,,SIN_ENVASE,REVISAR
TOMATE AZUL I G,,1,,SIN_ENVASE,REVISAR
TOMATE AZUL I GGG,,1,,SIN_ENVASE,REVISAR
TOMATE AZUL I M,,6,,SIN_ENVASE,REVISAR
TOMATE AZUL II,,1,,SIN_ENVASE,REVISAR
TOMATE BARBASTRO CHOCO,,2,,SIN_ENVASE,REVISAR
TOMATE CHERRY I M,,7,,SIN_ENVASE,REVISAR
TOMATE CHERRY PICOTEO,,1,,SIN_ENVASE,REVISAR
TOMATE CHERRY RAMA PERA ROJO I,,1,,SIN_ENVASE,REVISAR
TOMATE CHERRY REDONDO I M,,7,,SIN_ENVASE,REVISAR
TOMATE COCKTAIL I M,,1,,SIN_ENVASE,REVISAR
TOMATE COCKTAIL SAO PAULO I M,,2,,SIN_ENVASE,REVISAR
TOMATE COCKTAIL SUNSTREAM I M,,8,,SIN_ENVASE,REVISAR
TOMATE CORAZON DE BUEY II GG,,3,,SIN_ENVASE,REVISAR
TOMATE CORAZON DE BUEY II GGG,,3,,SIN_ENVASE,REVISAR
TOMATE HUEVO DE TORO AMARILLO I GG,,1,,SIN_ENVASE,REVISAR
TOMATE HUEVO DE TORO AMARILLO II S/C,,1,,SIN_ENVASE,REVISAR
TOMATE HUEVO DE TORO CHOCO I G,,3,,SIN_ENVASE,REVISAR
TOMATE HUEVO DE TORO CHOCO I GG,,2,,SIN_ENVASE,REVISAR
TOMATE HUEVO DE TORO CHOCO I GGG,,2,,SIN_ENVASE,REVISAR
TOMATE HUEVO DE TORO ROJO I G,,1,,SIN_ENVASE,REVISAR
TOMATE HUEVO DE TORO ROJO I GG,,3,,SIN_ENVASE,REVISAR
TOMATE HUEVO DE TORO ROJO I GGG,,1,,SIN_ENVASE,REVISAR
TOMATE JAPI I M,,3,,SIN_ENVASE,REVISAR
TOMATE JAPI UNID,,3,,SIN_ENVASE,REVISAR
TOMATE JAPONES I G,,2,,SIN_ENVASE,REVISAR
TOMATE JAPONES I M,,4,,SIN_ENVASE,REVISAR
TOMATE JAPONES I MM,,2,,SIN_ENVASE,REVISAR
TOMATE JAPONES II S/C,,2,,SIN_ENVASE,REVISAR
TOMATE KUMATO I M,,1,,SIN_ENVASE,REVISAR
TOMATE LARGA VIDA I G,,5,,SIN_ENVASE,REVISAR
TOMATE LARGA VIDA I M,,11,,SIN_ENVASE,REVISAR
TOMATE MAGGIE M,,9,,SIN_ENVASE,REVISAR
TOMATE MINI RAMA SAO PAULO,,3,,SIN_ENVASE,REVISAR
TOMATE MORESCO I G,,4,,SIN_ENVASE,REVISAR
TOMATE MORESCO I GG,,2,,SIN_ENVASE,REVISAR
TOMATE MORESCO I M,,5,,SIN_ENVASE,REVISAR
TOMATE MORESCO I MM,,1,,SIN_ENVASE,REVISAR
TOMATE MORESCO I MMM,,1,,SIN_ENVASE,REVISAR
TOMATE MORESCO II M,,1,,SIN_ENVASE,REVISAR
TOMATE ODORIKO EXTRA UND,,1,,SIN_ENVASE,REVISAR
TOMATE ODORIKO I G,,3,,SIN_ENVASE,REVISAR
TOMATE ODORIKO I M,,5,,SIN_ENVASE,REVISAR
TOMATE ODORIKO I MM,,6,,SIN_ENVASE,REVISAR
TOMATE ODORIKO II,,3,,SIN_ENVASE,REVISAR
TOMATE PERA RAMA I M,,11,,SIN_ENVASE,REVISAR
TOMATE PERA SUELTA M,,3,,SIN_ENVASE,REVISAR
TOMATE PERA SUELTA MM,,1,,SIN_ENVASE,REVISAR
TOMATE PERA SUELTA MMM,,5,,SIN_ENVASE,REVISAR
TOMATE RAMA I M,,23,,SIN_ENVASE,REVISAR
TOMATE RAMA I MM,,1,,SIN_ENVASE,REVISAR
TOMATE ROSA ASURCADO I G,,3,,SIN_ENVASE,REVISAR
TOMATE ROSA ASURCADO I GG,,7,,SIN_ENVASE,REVISAR
TOMATE ROSA ASURCADO I GGG,,4,,SIN_ENVASE,REVISAR
TOMATE ROSA ASURCADO I M,,1,,SIN_ENVASE,REVISAR
TOMATE ROSA ASURCADO II M,,2,,SIN_ENVASE,REVISAR
TOMATE ROSA I,,10,,SIN_ENVASE,REVISAR
TOMATE ROSA I G,,2,,SIN_ENVASE,REVISAR
TOMATE ROSA I GG,,2,,SIN_ENVASE,REVISAR
TOMATE ROSA I M,,4,,SIN_ENVASE,REVISAR
TOMATE ROSA SABOR I GG,,1,,SIN_ENVASE,REVISAR
TOMATE ROSA YARI I M UNID,,1,,SIN_ENVASE,REVISAR
TOMATE ROSA YARIMARU EXTRA,,3,,SIN_ENVASE,REVISAR
TOMATE ROSA YARIMARU II,,2,,SIN_ENVASE,REVISAR
TOMATE SAN MARZANO I M,,4,,SIN_ENVASE,REVISAR
TOMATE SAO PAULO GAUBEA,,2,,SIN_ENVASE,REVISAR
TOMATE SAO PAULO GAUBEA EXTRA,,8,,SIN_ENVASE,REVISAR
TOMATE SUELTO GREEN HEART I M,,1,,SIN_ENVASE,REVISAR
TOMATE SUELTO GREEN HEART I MM,,4,,SIN_ENVASE,REVISAR
TOMATE SUNSTREAM,,5,,SIN_ENVASE,REVISAR
TOMATE SUNSTREAM GAUBEA,,3,,SIN_ENVASE,REVISAR
TOMATE SUNSTREAM GAUBEA EXTRA,,6,,SIN_ENVASE,REVISAR
TOMATE SUNSTREAM GAUBEA TERMO EXTRA,,2,,SIN_ENVASE,REVISAR
TOMATE SUNSTREAM SUELTO,,14,,SIN_ENVASE,REVISAR
TOMATE VOLLEY I G,CARTON 40X30X11 VOLLEY HD Q5,1,,VOLLEY_FORMATO_EXCLUIDO,REVISAR
TOMATE VOLLEY I G,,5,,SIN_ENVASE,REVISAR
TOMATE VOLLEY I GG,CARTON 40X30X11 VOLLEY HD Q5,224,,VOLLEY_FORMATO_EXCLUIDO,REVISAR
TOMATE VOLLEY I GG,,10,,SIN_ENVASE,REVISAR
TOMATE VOLLEY I GGG,,13,,SIN_ENVASE,REVISAR
